PWM_Right,PWM_Left,RPM_Right,RPM_Left
150,150,0.0,0.0
150,150,0.0,0.0
150,150,0.0,0.0
150,150,,
150,150,0.0,0.0
150,150,178.57,171.43
150,150,207.14,207.14
150,150,207.14,207.14
150,150,207.14,221.43
150,150,207.14,207.14
150,150,207.14,207.14
150,150,207.14,207.14
150,150,214.29,207.14
150,150,207.14,207.14
150,150,207.14,207.14
150,150,207.14,221.43
150,150,207.14,207.14
150,150,207.14,207.14
150,150,207.14,214.29
150,150,207.14,207.14
150,150,207.14,207.14
150,150,207.14,207.14
150,150,207.14,214.29
150,150,207.14,214.29
150,150,207.14,207.14
150,150,207.14,214.29
150,150,207.14,214.29
150,150,207.14,214.29
150,150,207.14,214.29
150,150,207.14,228.57
150,150,207.14,207.14
150,150,207.14,200.0
150,150,207.14,221.43
150,150,207.14,207.14
150.0,150.0,207.13999999999993,211.78599999999997
